State,City,Allocation,
Alabama,Anniston,"$13,291,868.00",
Alabama,Auburn,"$16,523,077.00",
Alabama,Bessemer,"$13,970,941.00",
Alabama,Birmingham,"$141,272,354.00",
Alabama,Daphne city,"$3,904,543.00",
Alabama,Decatur,"$10,883,767.00",
Alabama,Dothan,"$12,438,636.00",
Alabama,Fairhope city,"$1,941,458.00",
Alabama,Florence,"$8,546,584.00",
Alabama,Foley city,"$2,934,580.00",
Alabama,Gadsden,"$24,042,737.00",
Alabama,Gulf Shores city,"$1,259,757.00",
Alabama,Hoover city,"$8,975,754.00",
Alabama,Huntsville,"$34,402,593.00",
Alabama,Madison city,"$5,003,914.00",
Alabama,Mobile,"$58,203,265.00",
Alabama,Montgomery,"$41,639,442.00",
Alabama,Muscle Shoals city,"$1,350,052.00",
Alabama,Opelika,"$6,466,895.00",
Alabama,Oxford city,"$3,069,179.00",
Alabama,Tuscaloosa,"$20,529,224.00",
Alaska,Anchorage,"$47,376,742.00",
Alaska,Fairbanks city,"$5,551,822.00",
Arizona,Avondale City,"$17,887,327.00",
Arizona,Buckeye city,"$10,575,465.00",
Arizona,Casa Grande,"$11,403,498.00",
Arizona,Chandler,"$34,560,795.00",
Arizona,Douglas City,"$4,385,561.00",
Arizona,Flagstaff,"$13,252,816.00",
Arizona,Gilbert,"$24,159,871.00",
Arizona,Glendale,"$59,516,611.00",
Arizona,Goodyear,"$10,350,308.00",
Arizona,Kingman city,"$5,393,722.00",
Arizona,Lake Havasu City city,"$8,528,306.00",
Arizona,Maricopa city,"$6,730,215.00",
Arizona,Mesa,"$105,515,724.00",
Arizona,Peoria City,"$20,769,706.00",
Arizona,Phoenix,"$396,080,366.00",
Arizona,Prescott,"$5,920,074.00",
Arizona,Prescott Valley town,"$7,647,867.00",
Arizona,Queen Creek town,"$4,815,893.00",
Arizona,Scottsdale,"$29,244,706.00",
Arizona,Sierra Vista City,"$6,228,688.00",
Arizona,Surprise City,"$15,545,984.00",
Arizona,Tempe,"$45,869,312.00",
Arizona,Tucson,"$135,696,763.00",
Arizona,Yuma,"$23,071,661.00",
Arkansas,Bentonville city,"$6,943,556.00",
Arkansas,Conway,"$12,233,839.00",
Arkansas,Fayetteville,"$17,911,418.00",
Arkansas,Fort Smith,"$21,220,634.00",
Arkansas,Hot Springs,"$11,370,797.00",
Arkansas,Jacksonville,"$5,444,517.00",
Arkansas,Jonesboro,"$15,579,043.00",
Arkansas,Little Rock,"$37,713,401.00",
Arkansas,North Little Rock,"$16,769,719.00",
Arkansas,Pine Bluff,"$16,044,400.00",
Arkansas,Rogers,"$11,710,729.00",
Arkansas,Springdale,"$21,351,596.00",
Arkansas,Texarkana,"$7,915,767.00",
Arkansas,West Memphis,"$6,639,347.00",
California,Alameda,"$28,679,908.00",
California,Alhambra,"$21,848,669.00",
California,Aliso Viejo,"$5,678,106.00",
California,Anaheim,"$106,630,239.00",
California,Antioch,"$21,550,900.00",
California,Apple Valley,"$14,883,978.00",
California,Arcadia city,"$8,864,856.00",
California,Bakersfield,"$94,517,089.00",
California,Baldwin Park,"$22,917,903.00",
California,Beaumont city,"$7,306,318.00",
California,Bellflower,"$21,457,498.00",
California,Berkeley,"$66,646,289.00",
California,Brentwood city,"$6,923,339.00",
California,Buena Park,"$19,622,863.00",
California,Burbank,"$25,547,081.00",
California,Camarillo,"$8,962,170.00",
California,Carlsbad,"$12,615,746.00",
California,Carson,"$17,776,763.00",
California,Cathedral City,"$15,572,693.00",
California,Cerritos,"$6,271,600.00",
California,Chico,"$22,118,301.00",
California,Chino,"$14,978,541.00",
California,Chino Hills,"$9,956,344.00",
California,Chula Vista,"$57,535,251.00",
California,Citrus Heights,"$15,676,972.00",
California,Clovis City,"$17,291,175.00",
California,Colton city,"$14,881,400.00",
California,Compton,"$34,425,003.00",
California,Concord,"$27,040,883.00",
California,Corcoran city,"$5,395,558.00",
California,Corona,"$29,158,725.00",
California,Costa Mesa,"$26,481,513.00",
California,Cupertino City,"$9,694,773.00",
California,Daly City,"$25,255,343.00",
California,Davis,"$19,730,600.00",
California,Delano City,"$14,030,801.00",
California,Diamond Bar city,"$6,830,947.00",
California,Downey,"$25,438,407.00",
California,Dublin city,"$7,088,512.00",
California,Eastvale city,"$7,360,219.00",
California,El Cajon,"$30,399,751.00",
California,El Centro,"$14,095,734.00",
California,El Monte,"$42,556,782.00",
California,El Paso de Robles (Paso Robles) city,"$5,500,413.00",
California,Elk Grove,"$21,944,605.00",
California,Encinitas,"$8,142,344.00",
California,Escondido,"$38,808,509.00",
California,Fairfield,"$19,805,577.00",
California,Folsom city,"$8,375,645.00",
California,Fontana,"$50,257,113.00",
California,Fountain Valley,"$7,952,893.00",
California,Fremont,"$44,211,563.00",
California,Fresno,"$170,808,029.00",
California,Fullerton,"$32,665,301.00",
California,Garden Grove,"$48,374,570.00",
California,Gardena,"$15,002,061.00",
California,Gilroy City,"$10,964,521.00",
California,Glendale,"$43,521,005.00",
California,Glendora City,"$7,525,063.00",
California,Goleta,"$5,933,990.00",
California,Hanford,"$13,077,740.00",
California,Hawthorne,"$30,521,654.00",
California,Hayward,"$38,465,994.00",
California,Hemet,"$21,674,344.00",
California,Hesperia,"$23,403,687.00",
California,Highland city,"$14,895,107.00",
California,Huntington Beach,"$29,606,925.00",
California,Huntington Park,"$27,952,355.00",
California,Indio City,"$20,425,061.00",
California,Inglewood,"$31,755,095.00",
California,Irvine,"$56,433,217.00",
California,Jurupa Valley,"$28,077,013.00",
California,La Habra,"$15,828,149.00",
California,La Mesa,"$10,826,584.00",
California,Laguna Niguel,"$8,821,454.00",
California,Lake Elsinore city,"$14,967,198.00",
California,Lake Forest,"$12,774,385.00",
California,Lakewood,"$11,309,045.00",
California,Lancaster,"$36,340,561.00",
California,Livermore,"$9,734,726.00",
California,Lodi,"$15,764,793.00",
California,Lompoc,"$12,908,901.00",
California,Long Beach,"$135,753,078.00",
California,Los Angeles,"$1,278,900,928.00",
California,Lynwood,"$24,446,961.00",
California,Madera,"$23,070,374.00",
California,Manteca city,"$13,928,377.00",
California,Marysville city,"$3,078,479.00",
California,Menifee,"$13,213,674.00",
California,Merced,"$27,427,882.00",
California,Milpitas City,"$16,736,815.00",
California,Mission Viejo,"$9,829,437.00",
California,Modesto,"$45,897,056.00",
California,Montebello,"$16,764,058.00",
California,Monterey,"$6,510,461.00",
California,Monterey Park,"$15,043,184.00",
California,Moreno Valley,"$48,481,233.00",
California,Mountain View,"$15,679,080.00",
California,Murrieta,"$16,463,101.00",
California,Napa City,"$15,118,910.00",
California,National City,"$18,010,907.00",
California,Newport Beach,"$10,141,272.00",
California,Norwalk,"$28,046,746.00",
California,Novato city,"$9,112,951.00",
California,Oakland,"$188,081,700.00",
California,Oceanside,"$32,346,514.00",
California,Ontario,"$45,609,291.00",
California,Orange,"$28,018,188.00",
California,Oxnard,"$59,540,662.00",
California,Palm Desert,"$9,983,052.00",
California,Palm Springs,"$10,820,822.00",
California,Palmdale,"$35,445,019.00",
California,Palo Alto,"$13,735,071.00",
California,Paradise,"$2,678,454.00",
California,Paramount City,"$18,895,185.00",
California,Pasadena,"$52,625,975.00",
California,Perris City,"$22,171,505.00",
California,Petaluma,"$8,303,531.00",
California,Pico Rivera,"$14,772,455.00",
California,Pittsburg,"$16,290,477.00",
California,Placentia city,"$9,083,054.00",
California,Pleasanton City,"$8,595,930.00",
California,Pomona,"$45,366,413.00",
California,Porterville,"$19,984,717.00",
California,Poway city,"$6,079,158.00",
California,Rancho Cordova City,"$15,588,333.00",
California,Rancho Cucamonga,"$26,835,530.00",
California,Rancho Santa Margarita,"$4,720,888.00",
California,Redding,"$18,693,433.00",
California,Redlands city,"$11,508,106.00",
California,Redondo Beach,"$6,801,080.00",
California,Redwood City,"$18,483,063.00",
California,Rialto,"$29,373,105.00",
California,Richmond city,"$27,740,723.00",
California,Riverside,"$73,535,189.00",
California,Rocklin City,"$7,039,025.00",
California,Rosemead,"$17,878,653.00",
California,Roseville,"$17,644,859.00",
California,Sacramento,"$112,313,331.00",
California,Salinas,"$51,567,313.00",
California,San Bernardino,"$77,656,407.00",
California,San Buenaventura,"$16,321,147.00",
California,San Clemente,"$7,491,798.00",
California,San Diego,"$299,714,755.00",
California,San Francisco,"$453,586,783.00",
California,San Jose,"$212,280,152.00",
California,San Leandro,"$18,639,484.00",
California,San Luis Obispo city,"$13,564,467.00",
California,San Marcos City,"$18,279,146.00",
California,San Mateo,"$19,274,312.00",
California,San Rafael city,"$16,088,886.00",
California,San Ramon city,"$8,115,425.00",
California,Santa Ana,"$128,360,813.00",
California,Santa Barbara,"$21,837,523.00",
California,Santa Clara,"$26,231,326.00",
California,Santa Clarita,"$35,148,685.00",
California,Santa Cruz,"$14,170,321.00",
California,Santa Maria,"$37,190,243.00",
California,Santa Monica,"$28,570,125.00",
California,Santa Rosa,"$34,637,465.00",
California,Santee,"$7,325,525.00",
California,Seaside,"$8,994,311.00",
California,Simi Valley,"$15,325,294.00",
California,South Gate,"$34,556,473.00",
California,South San Francisco,"$12,278,941.00",
California,Stockton,"$78,052,072.00",
California,Sunnyvale,"$28,154,030.00",
California,Temecula,"$14,079,507.00",
California,Thousand Oaks,"$14,008,949.00",
California,Torrance,"$24,074,277.00",
California,Tracy city,"$14,798,549.00",
California,Tulare,"$18,024,068.00",
California,Turlock,"$15,753,190.00",
California,Tustin,"$19,380,784.00",
California,Union City,"$14,099,826.00",
California,Upland,"$15,213,716.00",
California,Vacaville,"$12,675,830.00",
California,Vallejo,"$25,727,736.00",
California,Victorville,"$33,500,666.00",
California,Visalia,"$29,364,455.00",
California,Vista,"$26,178,395.00",
California,Walnut Creek,"$8,327,653.00",
California,Watsonville,"$18,265,428.00",
California,West Covina,"$19,566,027.00",
California,West Sacramento,"$11,773,300.00",
California,Westminster,"$23,690,019.00",
California,Whittier,"$16,360,631.00",
California,Woodland,"$11,114,656.00",
California,Yorba Linda city,"$6,205,112.00",
California,Yuba City,"$15,615,517.00",
California,Yucaipa city,"$8,017,860.00",
Colorado,Arvada,"$11,075,818.00",
Colorado,Aurora,"$65,424,806.00",
Colorado,Boulder,"$20,153,269.00",
Colorado,Broomfield City/County,"$7,040,034.00",
Colorado,Castle Rock,"$5,703,100.00",
Colorado,Centennial,"$8,489,546.00",
Colorado,Colorado Springs,"$76,039,132.00",
Colorado,Commerce City,"$10,505,025.00",
Colorado,Denver,"$166,796,658.00",
Colorado,Fort Collins,"$28,118,971.00",
Colorado,Grand Junction,"$10,484,608.00",
Colorado,Greeley,"$20,991,595.00",
Colorado,Lakewood,"$21,581,066.00",
Colorado,Longmont,"$12,973,267.00",
Colorado,Loveland,"$9,504,879.00",
Colorado,Parker town,"$4,452,437.00",
Colorado,Pueblo,"$36,407,001.00",
Colorado,Thornton,"$21,001,371.00",
Colorado,Westminster,"$14,548,323.00",
Connecticut,Bridgeport,"$82,662,800.00",
Connecticut,Bristol,"$16,187,924.00",
Connecticut,Danbury,"$15,647,339.00",
Connecticut,East Hartford,"$14,874,017.00",
Connecticut,Fairfield,"$12,779,052.00",
Connecticut,Greenwich,"$19,193,184.00",
Connecticut,Hamden Town,"$12,378,044.00",
Connecticut,Hartford,"$88,500,760.00",
Connecticut,Manchester,"$13,800,202.00",
Connecticut,Meriden,"$24,822,973.00",
Connecticut,Middletown,"$12,746,480.00",
Connecticut,Milford Town,"$13,295,776.00",
Connecticut,New Britain,"$42,050,789.00",
Connecticut,New Haven,"$90,507,624.00",
Connecticut,New London,"$21,007,012.00",
Connecticut,Norwalk,"$21,998,212.00",
Connecticut,Norwich,"$21,308,499.00",
Connecticut,Stamford,"$23,876,021.00",
Connecticut,Stratford,"$15,857,419.00",
Connecticut,Waterbury,"$54,494,215.00",
Connecticut,West Hartford,"$25,004,570.00",
Connecticut,West Haven,"$18,399,281.00",
Delaware,Dover,"$8,619,257.00",
Delaware,Wilmington,"$55,345,780.00",
District of Columbia,District Of Columbia,"$372,859,344.00",
Florida,Apopka city,"$7,037,307.00",
Florida,Avon Park city,"$3,677,040.00",
Florida,Boca Raton,"$12,199,643.00",
Florida,Bonita Springs city,"$7,241,423.00",
Florida,Boynton Beach,"$13,647,904.00",
Florida,Bradenton,"$10,791,837.00",
Florida,Cape Coral,"$25,439,699.00",
Florida,Clearwater,"$22,483,893.00",
Florida,Cocoa,"$3,881,979.00",
Florida,Coconut Creek,"$8,597,464.00",
Florida,Coral Gables city,"$8,518,456.00",
Florida,Coral Springs,"$20,013,374.00",
Florida,Crestview,"$3,872,170.00",
Florida,Davie,"$17,934,700.00",
Florida,Daytona Beach,"$15,010,544.00",
Florida,DeLand city,"$5,883,695.00",
Florida,Deerfield Beach,"$16,284,885.00",
Florida,Delray Beach,"$10,956,323.00",
Florida,Deltona,"$13,972,193.00",
Florida,Destin city,"$1,581,098.00",
Florida,Doral City,"$12,878,947.00",
Florida,Fort Pierce,"$13,502,665.00",
Florida,Fort Walton Beach,"$3,651,981.00",
Florida,Ft Lauderdale,"$38,133,766.00",
Florida,Ft Myers,"$15,759,486.00",
Florida,Gainesville,"$32,408,804.00",
Florida,Hialeah,"$66,834,253.00",
Florida,Hollywood,"$29,390,502.00",
Florida,Homestead City,"$19,192,087.00",
Florida,Jacksonville city,"$157,663,110.00",
Florida,Jupiter,"$7,590,958.00",
Florida,Kissimmee,"$18,069,843.00",
Florida,Lakeland,"$22,726,368.00",
Florida,Largo,"$12,960,041.00",
Florida,Lauderhill,"$18,132,223.00",
Florida,Marco Island City,"$1,746,191.00",
Florida,Margate,"$10,849,938.00",
Florida,Melbourne,"$14,263,027.00",
Florida,Miami,"$137,639,417.00",
Florida,Miami Beach,"$23,555,418.00",
Florida,Miami Gardens City,"$27,114,344.00",
Florida,Miramar,"$22,053,169.00",
Florida,Naples,"$2,563,890.00",
Florida,North Miami,"$19,354,517.00",
Florida,North Port city,"$8,427,359.00",
Florida,Ocala,"$12,202,159.00",
Florida,Orlando,"$58,032,405.00",
Florida,Ormond Beach city,"$4,934,862.00",
Florida,Palm Bay,"$18,009,865.00",
Florida,Palm Beach Gardens,"$5,857,791.00",
Florida,Palm Coast,"$12,501,879.00",
Florida,Panama City,"$10,087,173.00",
Florida,Pembroke Pines,"$25,463,361.00",
Florida,Pensacola,"$19,153,643.00",
Florida,Pinellas Park,"$9,685,810.00",
Florida,Plantation,"$13,042,828.00",
Florida,Pompano Beach,"$25,694,057.00",
Florida,Port Orange,"$9,981,987.00",
Florida,Port St Lucie,"$24,739,425.00",
Florida,Punta Gorda city,"$2,445,907.00",
Florida,Sanford,"$13,240,884.00",
Florida,Sarasota,"$10,123,762.00",
Florida,Sebastian City,"$3,332,127.00",
Florida,Sebring city,"$2,915,991.00",
Florida,St Petersburg,"$45,413,871.00",
Florida,St. Cloud City,"$8,780,823.00",
Florida,Sunrise,"$17,326,004.00",
Florida,Tallahassee,"$46,468,128.00",
Florida,Tamarac,"$10,897,007.00",
Florida,Tampa,"$80,373,543.00",
Florida,Titusville,"$8,607,193.00",
Florida,Venice city,"$2,483,031.00",
Florida,Vero Beach city,"$2,562,386.00",
Florida,Wellington,"$7,376,577.00",
Florida,West Palm Beach,"$24,530,823.00",
Florida,Weston City,"$8,173,762.00",
Florida,Winter Haven city,"$7,776,962.00",
Georgia,Albany,"$20,398,505.00",
Georgia,Alpharetta city,"$6,644,511.00",
Georgia,Athens-Clarke County,"$32,662,051.00",
Georgia,Atlanta,"$170,928,821.00",
Georgia,Augusta-Richmond County,"$43,012,121.00",
Georgia,Brookhaven,"$8,471,155.00",
Georgia,Brunswick,"$9,212,262.00",
Georgia,Columbus-Muscogee County,"$40,456,205.00",
Georgia,Dalton,"$8,873,412.00",
Georgia,Gainesville,"$11,718,342.00",
Georgia,Hinesville,"$6,569,056.00",
Georgia,Johns Creek city,"$7,076,181.00",
Georgia,Macon-Bibb County,"$46,115,570.00",
Georgia,Marietta,"$11,180,581.00",
Georgia,Rome,"$11,546,686.00",
Georgia,Roswell,"$11,374,757.00",
Georgia,Sandy Springs City,"$13,868,305.00",
Georgia,Savannah,"$55,591,247.00",
Georgia,Smyrna City,"$7,995,546.00",
Georgia,South Fulton,"$11,352,517.00",
Georgia,Stonecrest city,"$9,730,045.00",
Georgia,Valdosta,"$16,254,692.00",
Georgia,Warner Robins,"$15,026,496.00",
Hawaii,Honolulu,"$196,954,703.00",
Idaho,Boise,"$36,904,682.00",
Idaho,Caldwell City,"$12,481,887.00",
Idaho,Coeur D'Alene,"$8,659,329.00",
Idaho,Idaho Falls,"$10,570,717.00",
Idaho,Lewiston,"$5,709,318.00",
Idaho,Meridian,"$12,845,509.00",
Idaho,Nampa,"$17,511,452.00",
Idaho,Pocatello,"$10,700,496.00",
Idaho,Twin Falls,"$8,465,111.00",
Illinois,Alton City,"$21,639,201.00",
Illinois,Arlington Heights,"$6,772,596.00",
Illinois,Aurora,"$35,221,280.00",
Illinois,Belleville,"$15,792,501.00",
Illinois,Berwyn,"$31,943,759.00",
Illinois,Bloomington,"$13,386,924.00",
Illinois,Bolingbrook,"$9,140,140.00",
Illinois,Carbondale city,"$7,858,667.00",
Illinois,Champaign,"$25,277,693.00",
Illinois,Chicago,"$1,886,591,388.00",
Illinois,Chicago Heights,"$13,654,940.00",
Illinois,Cicero,"$42,882,464.00",
Illinois,Danville,"$24,704,857.00",
Illinois,Decatur,"$33,822,135.00",
Illinois,Dekalb,"$10,422,954.00",
Illinois,Des Plaines,"$7,787,945.00",
Illinois,Downers Grove,"$4,916,120.00",
Illinois,East St Louis,"$36,379,844.00",
Illinois,Elgin,"$19,501,332.00",
Illinois,Evanston,"$43,173,654.00",
Illinois,Granite City,"$16,872,443.00",
Illinois,Hoffman Estates,"$5,634,310.00",
Illinois,Joliet,"$22,207,675.00",
Illinois,Kankakee,"$15,052,449.00",
Illinois,Marion city,"$3,468,236.00",
Illinois,Moline,"$20,783,977.00",
Illinois,Mount Prospect,"$7,027,870.00",
Illinois,Naperville,"$13,308,689.00",
Illinois,Normal,"$10,879,113.00",
Illinois,North Chicago,"$6,271,106.00",
Illinois,Oak Lawn,"$7,750,640.00",
Illinois,Oak Park,"$38,984,402.00",
Illinois,Orland Park village,"$5,004,738.00",
Illinois,Palatine Village,"$12,012,529.00",
Illinois,Pekin,"$11,110,631.00",
Illinois,Peoria,"$47,089,976.00",
Illinois,Rantoul,"$8,052,698.00",
Illinois,Rock Island,"$26,506,259.00",
Illinois,Rockford,"$54,822,355.00",
Illinois,Schaumburg Village,"$9,873,008.00",
Illinois,Skokie,"$15,267,242.00",
Illinois,Springfield,"$33,804,013.00",
Illinois,Tinley Park village,"$6,226,474.00",
Illinois,Urbana,"$12,974,560.00",
Illinois,Waukegan,"$19,705,222.00",
Illinois,Wheaton City,"$4,909,816.00",
Indiana,Anderson,"$23,105,605.00",
Indiana,Bloomington,"$22,144,651.00",
Indiana,Carmel,"$7,522,920.00",
Indiana,Columbus,"$8,570,495.00",
Indiana,East Chicago,"$31,172,909.00",
Indiana,Elkhart,"$18,042,360.00",
Indiana,Evansville,"$64,483,775.00",
Indiana,Fishers city,"$6,900,880.00",
Indiana,Fort Wayne,"$50,815,327.00",
Indiana,Gary,"$80,345,314.00",
Indiana,Goshen,"$6,692,508.00",
Indiana,Greenwood,"$6,616,647.00",
Indiana,Hammond,"$51,395,851.00",
Indiana,Indianapolis,"$232,410,707.00",
Indiana,Kokomo,"$19,893,216.00",
Indiana,La Porte,"$11,476,496.00",
Indiana,Lafayette,"$15,881,059.00",
Indiana,Michigan City,"$16,549,045.00",
Indiana,Mishawaka,"$11,883,602.00",
Indiana,Muncie,"$32,321,058.00",
Indiana,New Albany,"$16,927,916.00",
Indiana,Noblesville city,"$6,212,841.00",
Indiana,South Bend,"$58,910,047.00",
Indiana,Terre Haute,"$35,936,890.00",
Indiana,West Lafayette,"$11,427,539.00",
Iowa,Ames,"$14,257,623.00",
Iowa,Ankeny city,"$6,094,344.00",
Iowa,Cedar Falls,"$6,508,740.00",
Iowa,Cedar Rapids,"$28,190,765.00",
Iowa,Council Bluffs,"$24,810,055.00",
Iowa,Davenport,"$40,896,926.00",
Iowa,Des Moines,"$94,824,614.00",
Iowa,Dubuque,"$26,522,282.00",
Iowa,Iowa City,"$18,325,190.00",
Iowa,Sioux City,"$40,618,687.00",
Iowa,Waterloo,"$30,284,282.00",
Iowa,West Des Moines,"$7,670,872.00",
Kansas,Kansas City,"$55,383,872.00",
Kansas,Lawrence,"$19,301,467.00",
Kansas,Leavenworth,"$8,549,063.00",
Kansas,Lenexa city,"$5,131,584.00",
Kansas,Manhattan City,"$12,757,377.00",
Kansas,Olathe city,"$14,918,491.00",
Kansas,Overland Park,"$18,581,302.00",
Kansas,Shawnee,"$7,564,030.00",
Kansas,Topeka,"$45,676,831.00",
Kansas,Wichita,"$72,422,555.00",
Kentucky,Ashland,"$13,474,388.00",
Kentucky,Bowling Green,"$16,584,849.00",
Kentucky,Covington,"$35,914,130.00",
Kentucky,Elizabethtown,"$5,223,647.00",
Kentucky,Henderson,"$6,345,733.00",
Kentucky,Hopkinsville,"$6,758,997.00",
Kentucky,Lexington-Fayette,"$58,409,570.00",
Kentucky,Louisville-Jefferson County,"$239,362,213.00",
Kentucky,Owensboro,"$13,324,175.00",
Louisiana,Alexandria,"$11,290,002.00",
Louisiana,Baton Rouge,"$79,966,896.00",
Louisiana,Bossier City,"$13,428,592.00",
Louisiana,Hammond city,"$5,242,946.00",
Louisiana,Houma-Terrebonne,"$23,348,003.00",
Louisiana,Kenner,"$13,833,851.00",
Louisiana,Lafayette,"$38,256,658.00",
Louisiana,Lake Charles,"$16,918,986.00",
Louisiana,Monroe,"$18,327,658.00",
Louisiana,New Orleans,"$311,742,151.00",
Louisiana,Shreveport,"$48,240,338.00",
Louisiana,Slidell,"$4,757,764.00",
Louisiana,Thibodaux,"$3,723,957.00",
Maine,Auburn,"$13,545,799.00",
Maine,Bangor,"$20,478,297.00",
Maine,Biddeford,"$9,759,098.00",
Maine,Lewiston,"$20,970,428.00",
Maine,Portland City,"$46,290,652.00",
Maine,South Portland city,"$10,498,362.00",
Maryland,Annapolis,"$7,609,469.00",
Maryland,Baltimore,"$525,891,651.00",
Maryland,Bowie City,"$4,754,210.00",
Maryland,Cumberland,"$19,595,850.00",
Maryland,Frederick,"$10,615,913.00",
Maryland,Gaithersburg,"$11,500,277.00",
Maryland,Hagerstown,"$20,421,010.00",
Maryland,Rockville city,"$9,619,188.00",
Maryland,Salisbury,"$9,188,340.00",
Massachusetts,Arlington,"$26,404,030.00",
Massachusetts,Attleboro,"$9,557,617.00",
Massachusetts,Barnstable,"$7,692,669.00",
Massachusetts,Boston,"$424,179,607.00",
Massachusetts,Brockton,"$34,590,793.00",
Massachusetts,Brookline,"$32,406,450.00",
Massachusetts,Cambridge,"$65,019,211.00",
Massachusetts,Chicopee,"$28,828,571.00",
Massachusetts,Fall River,"$69,599,142.00",
Massachusetts,Fitchburg,"$23,345,004.00",
Massachusetts,Framingham,"$12,373,262.00",
Massachusetts,Gloucester,"$17,264,797.00",
Massachusetts,Haverhill,"$25,039,680.00",
Massachusetts,Holyoke,"$29,894,310.00",
Massachusetts,Lawrence,"$41,807,344.00",
Massachusetts,Leominster,"$11,842,399.00",
Massachusetts,Lowell,"$54,450,130.00",
Massachusetts,Lynn,"$56,818,440.00",
Massachusetts,Malden,"$34,028,561.00",
Massachusetts,Medford,"$37,409,525.00",
Massachusetts,Methuen Town city,"$9,978,445.00",
Massachusetts,New Bedford,"$64,729,754.00",
Massachusetts,Newton,"$46,416,122.00",
Massachusetts,Northampton,"$16,221,711.00",
Massachusetts,Peabody City,"$10,771,724.00",
Massachusetts,Pittsfield,"$32,417,190.00",
Massachusetts,Plymouth Town,"$9,472,098.00",
Massachusetts,Quincy,"$45,316,692.00",
Massachusetts,Revere City,"$19,745,590.00",
Massachusetts,Salem,"$26,657,276.00",
Massachusetts,Somerville,"$61,700,944.00",
Massachusetts,Springfield,"$93,848,687.00",
Massachusetts,Taunton,"$20,992,932.00",
Massachusetts,Waltham,"$22,813,389.00",
Massachusetts,Westfield,"$9,299,177.00",
Massachusetts,Weymouth Town,"$17,804,215.00",
Massachusetts,Worcester,"$110,617,389.00",
Massachusetts,Yarmouth,"$3,155,779.00",
Michigan,Ann Arbor city,"$24,182,630.00",
Michigan,Battle Creek,"$30,545,339.00",
Michigan,Bay City,"$31,076,578.00",
Michigan,Benton Harbor,"$9,825,764.00",
Michigan,Canton Twp,"$9,186,398.00",
Michigan,Clinton Twp,"$14,816,245.00",
Michigan,Dearborn,"$47,212,828.00",
Michigan,Dearborn Heights,"$24,314,463.00",
Michigan,Detroit,"$826,675,290.00",
Michigan,East Lansing,"$12,170,077.00",
Michigan,Farmington Hills,"$8,911,759.00",
Michigan,Flint,"$94,726,664.00",
Michigan,Georgetown charter township,"$5,076,913.00",
Michigan,Grand Rapids,"$92,279,500.00",
Michigan,Holland,"$8,453,519.00",
Michigan,Jackson,"$31,444,825.00",
Michigan,Kalamazoo,"$38,872,877.00",
Michigan,Kentwood city,"$7,899,605.00",
Michigan,Lansing,"$49,924,664.00",
Michigan,Lincoln Park,"$19,146,461.00",
Michigan,Livonia,"$8,910,652.00",
Michigan,Macomb township,"$7,210,898.00",
Michigan,Midland,"$5,376,869.00",
Michigan,Monroe,"$11,405,523.00",
Michigan,Muskegon,"$22,881,894.00",
Michigan,Muskegon Hts,"$10,684,772.00",
Michigan,Niles,"$7,031,749.00",
Michigan,Norton Shores,"$3,562,331.00",
Michigan,Novi city,"$4,996,379.00",
Michigan,Pontiac,"$37,717,953.00",
Michigan,Port Huron,"$17,959,874.00",
Michigan,Portage,"$5,655,184.00",
Michigan,Redford,"$21,962,768.00",
Michigan,Rochester Hills city,"$6,194,998.00",
Michigan,Roseville,"$14,393,345.00",
Michigan,Royal Oak,"$28,107,502.00",
Michigan,Saginaw,"$52,089,151.00",
Michigan,Shelby charter township,"$8,374,084.00",
Michigan,Southfield,"$9,819,555.00",
Michigan,St Clair Shores,"$21,247,393.00",
Michigan,Sterling Heights,"$19,837,262.00",
Michigan,Taylor,"$11,593,181.00",
Michigan,Troy city,"$8,181,545.00",
Michigan,Warren,"$27,318,439.00",
Michigan,Waterford Township,"$9,280,012.00",
Michigan,West Bloomfield charter township,"$5,807,871.00",
Michigan,Westland,"$25,932,032.00",
Michigan,Wyoming,"$13,155,842.00",
Michigan,Ypsilanti charter township,"$9,439,025.00",
Minnesota,Apple Valley city,"$5,647,258.00",
Minnesota,Blaine city,"$6,793,793.00",
Minnesota,Bloomington,"$11,396,081.00",
Minnesota,Brooklyn Park city,"$11,052,580.00",
Minnesota,Burnsville city,"$8,037,982.00",
Minnesota,Coon Rapids city,"$6,568,368.00",
Minnesota,Duluth,"$58,117,859.00",
Minnesota,Eagan city,"$6,917,343.00",
Minnesota,Eden Prairie,"$7,447,401.00",
Minnesota,Edina city,"$4,932,493.00",
Minnesota,Lakeville city,"$5,438,774.00",
Minnesota,Mankato City,"$10,097,143.00",
Minnesota,Maple Grove city,"$5,109,436.00",
Minnesota,Minneapolis,"$271,192,484.00",
Minnesota,Minnetonka city,"$4,733,320.00",
Minnesota,Moorhead,"$7,099,345.00",
Minnesota,Plymouth,"$7,021,371.00",
Minnesota,Rochester,"$17,435,537.00",
Minnesota,St Cloud,"$16,463,610.00",
Minnesota,St Paul,"$166,641,623.00",
Minnesota,Woodbury City,"$6,012,584.00",
Mississippi,Biloxi,"$11,098,303.00",
Mississippi,Gulfport,"$19,503,534.00",
Mississippi,Hattiesburg,"$12,875,821.00",
Mississippi,Jackson,"$42,098,330.00",
Mississippi,Moss Point,"$2,722,613.00",
Mississippi,Pascagoula,"$5,167,294.00",
Mississippi,Southaven city,"$7,604,974.00",
Missouri,Blue Springs,"$6,190,665.00",
Missouri,Cape Girardeau city,"$8,280,673.00",
Missouri,Columbia,"$25,284,624.00",
Missouri,Florissant,"$6,677,255.00",
Missouri,Independence,"$21,485,924.00",
Missouri,Jefferson City,"$7,586,581.00",
Missouri,Joplin,"$13,779,739.00",
Missouri,Kansas City,"$194,776,376.00",
Missouri,Lees Summit,"$8,310,882.00",
Missouri,O'Fallon,"$7,774,553.00",
Missouri,Springfield,"$40,276,290.00",
Missouri,St Joseph,"$38,704,807.00",
Missouri,St Louis,"$439,692,690.00",
Missouri,St. Charles city,"$7,157,499.00",
Missouri,St. Peters city,"$4,570,716.00",
Montana,Billings,"$15,940,314.00",
Montana,Great Falls,"$19,472,737.00",
Montana,Missoula,"$14,192,996.00",
Nebraska,Bellevue,"$8,395,637.00",
Nebraska,Grand Island,"$9,093,880.00",
Nebraska,Lincoln,"$45,949,074.00",
Nebraska,Omaha,"$112,591,455.00",
Nevada,Carson City,"$9,912,979.00",
Nevada,Henderson,"$37,368,428.00",
Nevada,Las Vegas,"$130,568,739.00",
Nevada,North Las Vegas,"$46,340,548.00",
Nevada,Reno,"$51,519,997.00",
Nevada,Sparks,"$16,230,272.00",
New Hampshire,Dover,"$7,535,686.00",
New Hampshire,Manchester,"$43,281,853.00",
New Hampshire,Nashua,"$16,138,777.00",
New Hampshire,Portsmouth,"$12,880,280.00",
New Hampshire,Rochester,"$6,147,502.00",
New Jersey,Asbury Park,"$9,962,705.00",
New Jersey,Atlantic City,"$32,417,555.00",
New Jersey,Bayonne,"$35,655,886.00",
New Jersey,Bloomfield,"$25,827,441.00",
New Jersey,Brick Township,"$7,917,840.00",
New Jersey,Bridgeton,"$8,255,513.00",
New Jersey,Camden,"$61,648,323.00",
New Jersey,Cherry Hill,"$11,361,785.00",
New Jersey,Clifton,"$30,531,115.00",
New Jersey,East Orange,"$35,984,210.00",
New Jersey,Edison,"$15,593,864.00",
New Jersey,Elizabeth,"$40,674,250.00",
New Jersey,Ewing Township,"$6,326,402.00",
New Jersey,Franklin Township,"$7,735,197.00",
New Jersey,Gloucester Twp,"$6,799,055.00",
New Jersey,Hamilton,"$17,161,883.00",
New Jersey,Hammonton town,"$3,327,433.00",
New Jersey,Hoboken City,"$26,137,293.00",
New Jersey,Howell Township,"$4,898,156.00",
New Jersey,Irvington,"$28,922,433.00",
New Jersey,Jackson Township,"$4,871,285.00",
New Jersey,Jersey City,"$139,971,935.00",
New Jersey,Lakewood Township,"$31,890,666.00",
New Jersey,Long Branch,"$11,848,909.00",
New Jersey,Middletown,"$6,586,018.00",
New Jersey,Millville,"$7,078,893.00",
New Jersey,New Brunswick,"$20,726,375.00",
New Jersey,Newark,"$176,667,606.00",
New Jersey,North Bergen Township,"$16,736,740.00",
New Jersey,Ocean City,"$7,035,892.00",
New Jersey,Old Bridge Township,"$6,949,009.00",
New Jersey,Parsippany-Troyhills Twp,"$5,527,527.00",
New Jersey,Passaic,"$31,131,607.00",
New Jersey,Paterson,"$64,668,166.00",
New Jersey,Perth Amboy,"$16,899,892.00",
New Jersey,Piscataway Township,"$7,282,692.00",
New Jersey,Plainfield city,"$23,801,983.00",
New Jersey,Princeton,"$5,824,185.00",
New Jersey,Sayreville,"$5,947,913.00",
New Jersey,Toms River Township,"$10,345,343.00",
New Jersey,Trenton,"$72,913,998.00",
New Jersey,Union City,"$26,618,182.00",
New Jersey,Union Township,"$15,492,274.00",
New Jersey,Vineland,"$11,559,382.00",
New Jersey,Washington Township,"$3,534,671.00",
New Jersey,Wayne Township,"$4,451,949.00",
New Jersey,West New York town,"$18,144,801.00",
New Jersey,Woodbridge,"$17,920,419.00",
New Mexico,Albuquerque,"$108,810,857.00",
New Mexico,Farmington,"$9,862,919.00",
New Mexico,Las Cruces,"$24,759,826.00",
New Mexico,Rio Rancho,"$12,873,197.00",
New Mexico,Santa Fe,"$15,049,631.00",
New York,Albany,"$80,725,433.00",
New York,Amherst Town,"$15,230,415.00",
New York,Auburn,"$21,395,055.00",
New York,Babylon Town,"$27,770,292.00",
New York,Binghamton,"$46,184,674.00",
New York,Brookhaven Town,"$55,026,837.00",
New York,Buffalo,"$331,356,932.00",
New York,Cheektowaga Town,"$25,316,853.00",
New York,Clay Town,"$6,644,891.00",
New York,Colonie Town,"$9,482,071.00",
New York,Dunkirk,"$10,885,109.00",
New York,Elmira,"$28,270,386.00",
New York,Glen Falls,"$12,008,323.00",
New York,Greece,"$11,863,368.00",
New York,Hamburg Town,"$11,538,866.00",
New York,Hempstead village,"$16,790,322.00",
New York,Huntington Town,"$22,209,010.00",
New York,Irondequoit,"$22,454,916.00",
New York,Islip Town,"$47,551,642.00",
New York,Ithaca,"$16,092,137.00",
New York,Jamestown,"$28,079,145.00",
New York,Kingston,"$17,301,385.00",
New York,Middletown,"$11,313,784.00",
New York,Mount Vernon,"$41,108,657.00",
New York,New Rochelle,"$36,938,483.00",
New York,New York,"$4,259,566,740.00",
New York,Newburgh,"$21,814,339.00",
New York,Niagara Falls,"$57,207,528.00",
New York,Poughkeepsie,"$20,863,783.00",
New York,Rochester,"$202,141,319.00",
New York,Rome,"$24,134,423.00",
New York,Saratoga Springs,"$7,848,020.00",
New York,Schenectady,"$52,971,798.00",
New York,Syracuse,"$123,076,929.00",
New York,Tonawanda Town,"$40,351,859.00",
New York,Troy,"$42,879,140.00",
New York,Union Town,"$30,477,638.00",
New York,Utica,"$60,881,737.00",
New York,Watertown City,"$22,265,728.00",
New York,West Seneca,"$8,508,246.00",
New York,White Plains,"$23,167,555.00",
New York,Woodbury village,"$1,473,403.00",
New York,Yonkers,"$87,486,480.00",
North Carolina,Apex town,"$5,257,681.00",
North Carolina,Asheville,"$26,293,853.00",
North Carolina,Burlington,"$11,516,517.00",
North Carolina,Cary,"$16,476,072.00",
North Carolina,Chapel Hill,"$10,668,497.00",
North Carolina,Charlotte,"$141,618,325.00",
North Carolina,Concord,"$16,255,872.00",
North Carolina,Durham,"$51,881,733.00",
North Carolina,Fayetteville,"$40,427,539.00",
North Carolina,Gastonia,"$15,661,923.00",
North Carolina,Goldsboro,"$8,813,514.00",
North Carolina,Greensboro,"$59,430,051.00",
North Carolina,Greenville,"$24,689,311.00",
North Carolina,Hickory,"$8,237,002.00",
North Carolina,High Point,"$22,699,511.00",
North Carolina,Huntersville town,"$4,809,066.00",
North Carolina,Jacksonville,"$9,000,774.00",
North Carolina,Kannapolis,"$9,352,893.00",
North Carolina,Lenoir,"$3,834,691.00",
North Carolina,Morganton,"$4,835,619.00",
North Carolina,New Bern city,"$6,704,351.00",
North Carolina,Raleigh,"$73,292,365.00",
North Carolina,Rocky Mount,"$11,521,180.00",
North Carolina,Salisbury,"$7,227,329.00",
North Carolina,Wilmington,"$25,929,952.00",
North Carolina,Winston-Salem,"$51,732,065.00",
North Dakota,Bismarck,"$9,656,565.00",
North Dakota,Fargo,"$20,205,034.00",
North Dakota,Grand Forks,"$11,439,298.00",
Ohio,Akron,"$145,337,626.00",
Ohio,Alliance,"$15,387,409.00",
Ohio,Barberton,"$16,441,150.00",
Ohio,Bowling Green,"$7,316,778.00",
Ohio,Canton,"$63,613,221.00",
Ohio,Cincinnati,"$279,590,123.00",
Ohio,Cleveland,"$511,721,590.00",
Ohio,Cleveland Heights,"$38,817,062.00",
Ohio,Colerain township,"$7,496,967.00",
Ohio,Columbus,"$187,030,138.00",
Ohio,Cuyahoga Falls,"$16,493,877.00",
Ohio,Dayton,"$137,976,174.00",
Ohio,East Cleveland,"$26,639,320.00",
Ohio,Elyria,"$18,780,812.00",
Ohio,Euclid,"$25,409,948.00",
Ohio,Fairborn,"$6,811,368.00",
Ohio,Green township,"$8,913,892.00",
Ohio,Hamilton City,"$33,590,200.00",
Ohio,Kent,"$7,510,281.00",
Ohio,Kettering,"$13,851,520.00",
Ohio,Lakewood,"$47,219,575.00",
Ohio,Lancaster,"$12,556,172.00",
Ohio,Lima,"$26,371,401.00",
Ohio,Lorain,"$32,491,585.00",
Ohio,Mansfield,"$20,995,402.00",
Ohio,Marietta,"$9,725,620.00",
Ohio,Massillon,"$16,373,501.00",
Ohio,Mentor,"$3,988,092.00",
Ohio,Middletown,"$18,925,154.00",
Ohio,Newark,"$18,140,021.00",
Ohio,Parma,"$23,734,921.00",
Ohio,Sandusky,"$18,091,098.00",
Ohio,Springfield,"$44,230,364.00",
Ohio,Steubenville,"$14,598,300.00",
Ohio,Toledo,"$180,948,591.00",
Ohio,Warren,"$28,680,143.00",
Ohio,West Chester township,"$6,625,344.00",
Ohio,Youngstown,"$82,775,370.00",
Oklahoma,Broken Arrow city,"$13,768,466.00",
Oklahoma,Edmond,"$12,741,315.00",
Oklahoma,Enid,"$11,854,984.00",
Oklahoma,Lawton,"$18,202,822.00",
Oklahoma,Midwest City,"$9,858,239.00",
Oklahoma,Moore City,"$8,469,969.00",
Oklahoma,Norman,"$22,245,542.00",
Oklahoma,Oklahoma City,"$122,507,590.00",
Oklahoma,Shawnee,"$8,351,474.00",
Oklahoma,Tulsa,"$87,826,517.00",
Oregon,Albany,"$8,459,912.00",
Oregon,Ashland,"$4,647,957.00",
Oregon,Beaverton,"$16,859,058.00",
Oregon,Bend,"$14,076,428.00",
Oregon,Corvallis,"$13,085,521.00",
Oregon,Eugene,"$35,908,037.00",
Oregon,Grants Pass,"$9,373,862.00",
Oregon,Gresham,"$25,399,647.00",
Oregon,Hillsboro,"$18,014,829.00",
Oregon,Lebanon city,"$3,475,676.00",
Oregon,Medford,"$18,283,804.00",
Oregon,Portland,"$207,895,373.00",
Oregon,Redmond,"$5,863,069.00",
Oregon,Salem,"$34,127,916.00",
Oregon,Springfield,"$13,956,221.00",
Oregon,Tigard,"$7,499,726.00",
Pennsylvania,Abington,"$19,107,973.00",
Pennsylvania,Allentown,"$57,132,604.00",
Pennsylvania,Altoona,"$39,258,106.00",
Pennsylvania,Bensalem Township,"$9,497,764.00",
Pennsylvania,Berwick Borough,"$7,287,582.00",
Pennsylvania,Bethlehem,"$34,467,364.00",
Pennsylvania,Bloomsburg,"$6,275,309.00",
Pennsylvania,Bristol Township,"$15,886,687.00",
Pennsylvania,Carlisle,"$9,186,671.00",
Pennsylvania,Chambersburg,"$7,763,037.00",
Pennsylvania,Chester,"$30,357,628.00",
Pennsylvania,East Stroudsburg borough,"$2,813,500.00",
Pennsylvania,Easton city,"$20,665,806.00",
Pennsylvania,Erie,"$76,098,836.00",
Pennsylvania,Gettysburg borough,"$3,136,677.00",
Pennsylvania,Hanover borough,"$7,573,079.00",
Pennsylvania,Harrisburg,"$47,073,625.00",
Pennsylvania,Haverford,"$19,840,290.00",
Pennsylvania,Hazleton,"$17,132,482.00",
Pennsylvania,Johnstown,"$30,716,690.00",
Pennsylvania,Lancaster City,"$39,518,923.00",
Pennsylvania,Lebanon,"$16,672,455.00",
Pennsylvania,Lower Merion,"$25,503,294.00",
Pennsylvania,Mckeesport,"$24,753,914.00",
Pennsylvania,Millcreek Township,"$5,860,073.00",
Pennsylvania,Norristown,"$20,140,217.00",
Pennsylvania,Penn Hills,"$17,129,203.00",
Pennsylvania,Philadelphia,"$1,087,606,822.00",
Pennsylvania,Pittsburgh,"$335,070,222.00",
Pennsylvania,Reading,"$61,134,970.00",
Pennsylvania,Scranton,"$68,746,050.00",
Pennsylvania,Sharon,"$14,382,307.00",
Pennsylvania,State College,"$13,276,247.00",
Pennsylvania,Upper Darby,"$41,761,939.00",
Pennsylvania,Waynesboro borough,"$4,251,774.00",
Pennsylvania,Wilkes-Barre,"$37,156,228.00",
Pennsylvania,Williamsport,"$25,477,801.00",
Pennsylvania,York,"$35,304,707.00",
Puerto Rico,Aguadilla Municipio,"$21,724,939.00",
Puerto Rico,Arecibo Municipio,"$33,368,185.00",
Puerto Rico,Bayamon Municipio,"$53,127,043.00",
Puerto Rico,Cabo Rojo Municipio,"$21,052,469.00",
Puerto Rico,Caguas Municipio,"$42,614,411.00",
Puerto Rico,Canovanas Municipio,"$17,809,524.00",
Puerto Rico,Carolina Municipio,"$43,674,914.00",
Puerto Rico,Cayey Municipio,"$15,146,756.00",
Puerto Rico,Cidra Municipio,"$14,342,029.00",
Puerto Rico,Fajardo Municipio,"$12,129,122.00",
Puerto Rico,Guayama Municipio,"$16,059,566.00",
Puerto Rico,Guaynabo Municipio,"$20,838,268.00",
Puerto Rico,Humacao Municipio,"$20,159,865.00",
Puerto Rico,Isabela Municipio,"$18,369,668.00",
Puerto Rico,Juana Diaz Municipio,"$17,954,148.00",
Puerto Rico,Manati Municipio,"$17,227,467.00",
Puerto Rico,Mayaguez Municipio,"$34,786,579.00",
Puerto Rico,Ponce Municipio,"$59,192,776.00",
Puerto Rico,Rio Grande Municipio,"$17,452,222.00",
Puerto Rico,San German Municipio,"$13,321,840.00",
Puerto Rico,San Juan Municipio,"$175,854,727.00",
Puerto Rico,San Sebastian Municipio,"$15,623,463.00",
Puerto Rico,Toa Alta Municipio,"$19,792,422.00",
Puerto Rico,Toa Baja Municipio,"$25,856,763.00",
Puerto Rico,Trujillo Alto Municipio,"$19,218,950.00",
Puerto Rico,Vega Baja Municipio,"$20,502,426.00",
Puerto Rico,Yauco Municipio,"$13,909,518.00",
Rhode Island,Cranston,"$26,770,457.00",
Rhode Island,East Providence,"$18,536,674.00",
Rhode Island,Pawtucket,"$44,262,279.00",
Rhode Island,Providence,"$131,373,965.00",
Rhode Island,Warwick,"$23,697,760.00",
Rhode Island,Woonsocket,"$28,278,594.00",
South Carolina,Aiken,"$4,312,468.00",
South Carolina,Anderson,"$14,507,668.00",
South Carolina,Bluffton town,"$1,982,471.00",
South Carolina,Charleston,"$21,092,855.00",
South Carolina,Columbia,"$27,178,358.00",
South Carolina,Conway city,"$4,365,105.00",
South Carolina,Florence,"$7,943,151.00",
South Carolina,Greenville,"$17,908,547.00",
South Carolina,Hilton Head Island,"$5,227,178.00",
South Carolina,Mount Pleasant town,"$7,428,213.00",
South Carolina,Myrtle Beach city,"$7,920,696.00",
South Carolina,North Charleston city,"$24,317,215.00",
South Carolina,North Myrtle Beach city,"$1,954,643.00",
South Carolina,Rock Hill,"$13,179,656.00",
South Carolina,Spartanburg,"$16,480,273.00",
South Carolina,Summerville,"$7,796,973.00",
South Carolina,Sumter,"$7,565,586.00",
South Dakota,Rapid City,"$13,024,994.00",
South Dakota,Sioux Falls,"$25,415,071.00",
Tennessee,Bartlett city,"$5,766,313.00",
Tennessee,Bristol,"$5,586,805.00",
Tennessee,Chattanooga,"$38,640,506.00",
Tennessee,Clarksville,"$25,531,478.00",
Tennessee,Cleveland,"$9,313,001.00",
Tennessee,Collierville town,"$4,397,233.00",
Tennessee,Franklin City,"$9,253,841.00",
Tennessee,Hendersonville,"$5,902,342.00",
Tennessee,Jackson,"$13,893,451.00",
Tennessee,Johnson City,"$13,415,440.00",
Tennessee,Kingsport,"$10,356,906.00",
Tennessee,Knoxville,"$42,453,411.00",
Tennessee,Memphis,"$161,061,490.00",
Tennessee,Morristown,"$8,234,483.00",
Tennessee,Murfreesboro,"$24,106,035.00",
Tennessee,Nashville-Davidson,"$124,981,265.00",
Tennessee,Oak Ridge,"$6,000,796.00",
Tennessee,Smyrna town,"$7,954,313.00",
Texas,Abilene,"$21,455,963.00",
Texas,Allen,"$10,159,869.00",
Texas,Amarillo,"$39,676,317.00",
Texas,Arlington,"$81,498,709.00",
Texas,Austin,"$188,482,478.00",
Texas,Baytown City,"$16,345,399.00",
Texas,Beaumont,"$33,084,864.00",
Texas,Brownsville,"$65,194,854.00",
Texas,Bryan,"$21,183,735.00",
Texas,Carrollton,"$19,571,304.00",
Texas,Cedar Park city,"$7,653,456.00",
Texas,College Station,"$29,478,326.00",
Texas,Conroe,"$15,844,218.00",
Texas,Corpus Christi,"$67,553,894.00",
Texas,Dallas,"$355,426,891.00",
Texas,Denison,"$7,326,612.00",
Texas,Denton,"$23,290,438.00",
Texas,Desoto,"$7,306,702.00",
Texas,Edinburg,"$27,132,536.00",
Texas,El Paso,"$154,345,135.00",
Texas,Euless City,"$10,393,946.00",
Texas,Flower Mound Town,"$5,927,220.00",
Texas,Fort Worth,"$173,745,090.00",
Texas,Frisco,"$16,638,254.00",
Texas,Galveston,"$27,371,621.00",
Texas,Garland,"$53,513,994.00",
Texas,Georgetown city,"$8,029,506.00",
Texas,Grand Prairie,"$36,709,655.00",
Texas,Grapevine,"$6,860,286.00",
Texas,Harlingen,"$21,927,374.00",
Texas,Houston,"$607,769,139.00",
Texas,Irving,"$54,277,494.00",
Texas,Killeen,"$29,117,907.00",
Texas,Laredo,"$85,558,888.00",
Texas,League City,"$10,385,742.00",
Texas,Leander city,"$5,658,845.00",
Texas,Lewisville,"$19,541,144.00",
Texas,Little Elm city,"$4,402,726.00",
Texas,Longview,"$17,048,510.00",
Texas,Lubbock,"$56,575,324.00",
Texas,Mansfield,"$6,550,549.00",
Texas,Marshall,"$9,078,903.00",
Texas,Mc Allen,"$41,922,103.00",
Texas,Mckinney City,"$23,115,761.00",
Texas,Mesquite,"$27,021,425.00",
Texas,Midland,"$24,988,224.00",
Texas,Mission,"$25,044,862.00",
Texas,Missouri City,"$6,910,253.00",
Texas,New Braunfels,"$10,995,314.00",
Texas,North Richland Hills,"$9,515,205.00",
Texas,Odessa,"$20,322,959.00",
Texas,Orange,"$8,289,219.00",
Texas,Pasadena,"$40,199,596.00",
Texas,Pearland,"$11,888,971.00",
Texas,Pflugerville City,"$6,140,439.00",
Texas,Pharr,"$28,232,868.00",
Texas,Plano,"$36,424,316.00",
Texas,Port Arthur,"$26,731,836.00",
Texas,Richardson city,"$18,285,133.00",
Texas,Round Rock,"$16,397,285.00",
Texas,Rowlett,"$6,851,861.00",
Texas,San Angelo,"$16,650,136.00",
Texas,San Antonio,"$326,919,408.00",
Texas,San Benito,"$9,066,287.00",
Texas,San Marcos,"$18,101,483.00",
Texas,Sherman,"$8,437,356.00",
Texas,Sugar Land city,"$11,115,958.00",
Texas,Temple,"$14,170,861.00",
Texas,Texarkana,"$9,404,018.00",
Texas,Texas City,"$10,309,444.00",
Texas,Tyler,"$20,211,586.00",
Texas,Victoria,"$14,508,296.00",
Texas,Waco,"$34,720,687.00",
Texas,Wichita Falls,"$29,091,650.00",
Texas,Wylie city,"$6,099,649.00",
Utah,Clearfield,"$5,092,432.00",
Utah,Herriman city,"$4,803,648.00",
Utah,Layton,"$9,714,265.00",
Utah,Lehi City,"$7,741,569.00",
Utah,Logan,"$13,815,781.00",
Utah,Millcreek city,"$7,929,650.00",
Utah,Ogden,"$25,612,830.00",
Utah,Orem,"$16,087,350.00",
Utah,Provo,"$33,880,698.00",
Utah,Salt Lake City,"$85,411,572.00",
Utah,Sandy City,"$9,151,064.00",
Utah,South Jordan,"$5,643,640.00",
Utah,St George,"$15,954,196.00",
Utah,Taylorsville,"$8,884,092.00",
Utah,West Jordan,"$13,388,377.00",
Utah,West Valley,"$26,512,139.00",
Vermont,Burlington,"$18,857,481.00",
Vermont,South Burlington city,"$1,864,421.00",
Virginia,Alexandria,"$28,666,813.00",
Virginia,Blacksburg,"$13,364,987.00",
Virginia,Bristol,"$6,771,552.00",
Virginia,Charlottesville,"$10,428,843.00",
Virginia,Chesapeake,"$28,469,568.00",
Virginia,Christiansburg,"$3,115,411.00",
Virginia,Colonial Heights,"$2,636,171.00",
Virginia,Danville,"$21,364,773.00",
Virginia,Fredericksburg,"$5,142,844.00",
Virginia,Hampton,"$22,533,427.00",
Virginia,Harrisonburg,"$13,536,358.00",
Virginia,Hopewell,"$5,622,819.00",
Virginia,Leesburg town,"$5,927,673.00",
Virginia,Lynchburg,"$17,368,358.00",
Virginia,Newport News,"$31,981,891.00",
Virginia,Norfolk,"$106,991,262.00",
Virginia,Petersburg,"$14,873,246.00",
Virginia,Portsmouth,"$38,506,859.00",
Virginia,Radford,"$4,683,738.00",
Virginia,Richmond,"$110,120,336.00",
Virginia,Roanoke,"$45,319,306.00",
Virginia,Staunton,"$8,113,077.00",
Virginia,Suffolk,"$12,174,397.00",
Virginia,Virginia Beach,"$49,027,529.00",
Virginia,Waynesboro City,"$4,650,991.00",
Virginia,Winchester,"$6,883,860.00",
Washington,Anacortes,"$2,631,759.00",
Washington,Auburn,"$14,751,231.00",
Washington,Bellevue,"$20,110,630.00",
Washington,Bellingham,"$20,925,817.00",
Washington,Bremerton,"$10,851,402.00",
Washington,Burien,"$10,806,859.00",
Washington,East Wenatchee City,"$3,057,385.00",
Washington,Everett,"$20,695,570.00",
Washington,Federal Way,"$19,216,886.00",
Washington,Kennewick,"$16,062,005.00",
Washington,Kent City,"$28,172,327.00",
Washington,Kirkland City,"$10,155,994.00",
Washington,Lacey city,"$6,856,924.00",
Washington,Lakewood,"$13,766,236.00",
Washington,Longview,"$8,112,084.00",
Washington,Marysville,"$9,417,568.00",
Washington,Mount Vernon,"$9,053,048.00",
Washington,Olympia,"$9,205,624.00",
Washington,Pasco,"$17,464,312.00",
Washington,Port Orchard city,"$2,821,078.00",
Washington,Redmond,"$9,928,999.00",
Washington,Renton City,"$18,113,855.00",
Washington,Richland,"$7,361,385.00",
Washington,Sammamish city,"$4,759,912.00",
Washington,Seattle,"$232,341,627.00",
Washington,Shoreline,"$7,533,842.00",
Washington,Spokane,"$80,991,104.00",
Washington,Spokane Valley city,"$16,006,492.00",
Washington,Tacoma,"$60,969,952.00",
Washington,Tumwater city,"$2,565,043.00",
Washington,Vancouver,"$33,135,869.00",
Washington,Walla Walla City,"$9,974,964.00",
Washington,Wenatchee,"$6,383,622.00",
Washington,Yakima,"$26,195,479.00",
West Virginia,Beckley City,"$7,689,933.00",
West Virginia,Charleston,"$36,801,358.00",
West Virginia,Huntington,"$40,628,967.00",
West Virginia,Martinsburg,"$9,111,132.00",
West Virginia,Morgantown,"$11,243,509.00",
West Virginia,Parkersburg,"$21,850,407.00",
West Virginia,Vienna City,"$2,637,342.00",
West Virginia,Weirton,"$10,028,924.00",
West Virginia,Wheeling,"$28,197,143.00",
Wisconsin,Appleton,"$14,891,841.00",
Wisconsin,Beloit,"$15,218,991.00",
Wisconsin,Eau Claire,"$13,529,002.00",
Wisconsin,Fond Du Lac,"$13,792,153.00",
Wisconsin,Green Bay,"$23,695,516.00",
Wisconsin,Janesville,"$11,686,560.00",
Wisconsin,Kenosha,"$26,488,543.00",
Wisconsin,La Crosse,"$21,748,073.00",
Wisconsin,Madison,"$47,197,155.00",
Wisconsin,Milwaukee,"$394,226,649.00",
Wisconsin,Neenah,"$5,549,573.00",
Wisconsin,Onalaska city,"$2,131,226.00",
Wisconsin,Oshkosh,"$20,514,484.00",
Wisconsin,Racine,"$46,246,465.00",
Wisconsin,Sheboygan,"$22,006,206.00",
Wisconsin,Superior,"$17,082,059.00",
Wisconsin,Waukesha,"$10,883,993.00",
Wisconsin,Wausau,"$15,586,461.00",
Wisconsin,Wauwatosa,"$24,663,875.00",
Wisconsin,West Allis,"$30,941,771.00",
Wisconsin,Weston village,"$2,220,083.00",
Wyoming,Casper city,"$9,115,340.00",
Wyoming,Cheyenne,"$12,191,813.00",
TOTAL,,"$45,570,000,000.00",
